URL,SEO_TITLE,META_DESCRIPTION,FOKUS_KEYWORD,H1,OG_TITLE,OG_DESCRIPTION
/,Talenthirsch | Social Media Recruiting Agentur,Fachkräfte gewinnen über Facebook Instagram TikTok und LinkedIn mit transparenten Preisen und klarem Prozess.,Social Media Recruiting Agentur,Social Media Recruiting für mittelständische Unternehmen,Talenthirsch | Social Media Recruiting Agentur,Performance-orientierte Mitarbeitergewinnung mit transparenten Preisen.
/leistungen/,Leistungen | Talenthirsch,Social Media Recruiting mit Funnel-Logik Plattformstrategie und laufender Betreuung.,Performance Recruiting,Leistungen für performance-orientierte Mitarbeitergewinnung,Leistungen | Talenthirsch,Von Kampagnensetup bis Übergabe in Ihren Einstellungsprozess.
/branchen/handwerk/,Social Recruiting für Handwerk | Talenthirsch,Fachkräfte im Handwerk über Social Media gewinnen statt nur auf klassische Stellenanzeigen zu setzen.,Social Recruiting Handwerk,Social Recruiting für Handwerk,Handwerk Recruiting | Talenthirsch,Mehr qualifizierte Bewerbungen aus Ihrer Region.
/branchen/pflege/,Social Recruiting für Pflege | Talenthirsch,Pflegekräfte über Social Media erreichen mit klarer Ansprache und niedrigschwelligem Bewerbungsprozess.,Pflegekräfte Social Media gewinnen,Social Recruiting für Pflege,Pflege Recruiting | Talenthirsch,Planbare Bewerbungen aus Social Media Kampagnen.
/branchen/gastronomie/,Social Recruiting für Gastronomie und Hotellerie | Talenthirsch,Service und Küchenpersonal über Social Recruiting gewinnen mit klarer Funnel-Logik.,Social Recruiting Gastronomie,Social Recruiting für Gastronomie und Hotellerie,Gastro Recruiting | Talenthirsch,Mehr Reichweite bei wechselbereiten Kandidaten.
/branchen/it/,Social Recruiting für IT und Technik | Talenthirsch,Technische Fachkräfte über Social Media mit passender Value Proposition ansprechen.,IT Fachkräfte Social Media,Social Recruiting für IT und Technik,IT Recruiting | Talenthirsch,Performance Recruiting für technische Profile.
/branchen/logistik/,Social Recruiting für Logistik | Talenthirsch,Fahrer Lager und operative Logistikrollen über Social Media Recruiting besetzen.,Logistik Recruiting Social Media,Social Recruiting für Logistik,Logistik Recruiting | Talenthirsch,Regionale Reichweite und schnelle Bewerbungswege.
/branchen/industrie/,Social Recruiting für Industrie | Talenthirsch,Produktionsnahe und technische Rollen in der Industrie über Social Recruiting besetzen.,Industrie Recruiting Social Media,Social Recruiting für Industrie,Industrie Recruiting | Talenthirsch,Strukturierte Kampagnen für industrielle Fachkräfte.
/preise/,Preise | Talenthirsch,Transparente Paketpreise für Social Media Recruiting netto zzgl gesetzlicher MwSt.,Social Media Recruiting Kosten,Transparente Preise für Social Media Recruiting,Preise | Talenthirsch,Alle Pakete und Zusatzkosten klar aufbereitet.
/ueber-uns/,Über uns | Talenthirsch,Talenthirsch ist die spezialisierte Social-Media-Recruiting-Marke unter Führung von Sercan Erisoglu.,Mitarbeitergewinnung über Social Media,Talenthirsch spezialisiert auf Social Media Recruiting,Über Talenthirsch,Die Marke für performance-orientierte Mitarbeitergewinnung.
/blog/,Blog | Talenthirsch,Blog zu Social Recruiting Funnelaufbau Kosten und Plattformstrategien.,Performance Recruiting Blog,Blog Social Media Recruiting,Blog | Talenthirsch,Praxiswissen für mittelständische Unternehmen.
/kontakt/,Kontakt | Talenthirsch,Kostenloses Erstgespräch mit Talenthirsch unter 07135 7179310 oder per E-Mail an info@talenthirsch.de.,Fachkräfte finden Social Media,Kontakt zu Talenthirsch,Kontakt | Talenthirsch,Schnelle Erstabstimmung für Ihre offenen Stellen.
/faq/,FAQ | Talenthirsch,Häufige Fragen zu Laufzeit Werbebudget Plattformen Zielgruppen und Preisstruktur.,Performance Recruiting FAQ,Häufige Fragen zu Social Media Recruiting,FAQ | Talenthirsch,Antworten zu Ablauf Budget und Betreuung.
/standorte/heilbronn/,Social Media Recruiting Heilbronn | Talenthirsch,Lokale Recruiting-Unterstützung für Unternehmen in Heilbronn über Social Media.,Social Media Recruiting Heilbronn,Social Media Recruiting für Unternehmen in Heilbronn,Heilbronn Recruiting | Talenthirsch,Lokaler Fokus auf planbare Bewerbungen.
/standorte/stuttgart/,Social Media Recruiting Stuttgart | Talenthirsch,Lokale Recruiting-Unterstützung für Unternehmen in Stuttgart über Social Media.,Social Media Recruiting Stuttgart,Social Media Recruiting für Unternehmen in Stuttgart,Stuttgart Recruiting | Talenthirsch,Lokaler Fokus auf planbare Bewerbungen.
/standorte/mannheim/,Social Media Recruiting Mannheim | Talenthirsch,Lokale Recruiting-Unterstützung für Unternehmen in Mannheim über Social Media.,Social Media Recruiting Mannheim,Social Media Recruiting für Unternehmen in Mannheim,Mannheim Recruiting | Talenthirsch,Lokaler Fokus auf planbare Bewerbungen.
/blog/social-media-recruiting-kosten/,Social Media Recruiting Kosten | Talenthirsch,Was mittelständische Unternehmen bei Setup Betreuung und Werbebudget realistisch einplanen sollten.,Social Media Recruiting Kosten,Social Media Recruiting Kosten realistisch planen,Social Media Recruiting Kosten | Talenthirsch,Transparente Kostenstruktur im Überblick.
/blog/handwerker-ueber-instagram-finden/,Handwerker über Instagram finden | Talenthirsch,Wie Handwerksbetriebe mit Instagram Kampagnen mehr qualifizierte Bewerbungen erhalten.,Handwerker über Instagram finden,Handwerker über Instagram finden,Handwerk und Instagram | Talenthirsch,Pragmatische Recruiting-Ansätze für Betriebe.
/blog/pflegekraefte-ueber-facebook-gewinnen/,Pflegekräfte über Facebook gewinnen | Talenthirsch,So erreichen Pflegeeinrichtungen passive Kandidaten über Facebook Kampagnen.,Pflegekräfte über Facebook gewinnen,Pflegekräfte über Facebook gewinnen,Pflege Recruiting Facebook | Talenthirsch,Planbare Bewerbungsprozesse für die Pflege.
/blog/social-recruiting-vs-headhunter/,Social Recruiting vs Headhunter | Talenthirsch,Vergleich von Social Recruiting und Headhunter-Ansatz für unterschiedliche Einstellungsziele.,Social Recruiting vs Headhunter,Social Recruiting vs Headhunter,Social Recruiting Vergleich | Talenthirsch,Welcher Weg passt zu welcher Vakanz.
/blog/performance-recruiting-erklaert/,Performance Recruiting erklärt | Talenthirsch,Von Kampagnensetup bis Übergabe: Performance Recruiting verständlich erklärt.,Performance Recruiting erklärt,Performance Recruiting erklärt,Performance Recruiting Guide | Talenthirsch,Die operative Logik hinter planbaren Bewerbungen.
/blog/stellenanzeige-vs-social-ads/,Stellenanzeige vs Social Ads | Talenthirsch,Warum Reichweite allein nicht reicht und wie Social Ads den Kandidatenmarkt erweitern.,Stellenanzeige vs Social Ads,Stellenanzeige vs Social Ads,Recruiting Kanäle vergleichen | Talenthirsch,Kanalstrategie statt Ein-Kanal-Abhängigkeit.
/blog/social-media-recruiting-kleine-unternehmen/,Social Media Recruiting für kleine Unternehmen | Talenthirsch,Wie kleine Unternehmen mit begrenztem Budget strukturiert in Social Recruiting starten.,Social Media Recruiting kleine Unternehmen,Social Media Recruiting für kleine Unternehmen,Kleine Unternehmen Recruiting | Talenthirsch,Praktische Schritte für den Einstieg.
/blog/tiktok-recruiting/,TikTok Recruiting | Talenthirsch,Wann TikTok im Recruiting sinnvoll ist und wie Streuverluste reduziert werden.,TikTok Recruiting,TikTok Recruiting sinnvoll einsetzen,TikTok Recruiting | Talenthirsch,Plattformfit und Zielgruppenansprache richtig bewerten.
/blog/recruiting-funnel-aufbauen/,Recruiting Funnel aufbauen | Talenthirsch,Die vier Phasen von Aufmerksamkeit bis Einstellung strukturiert umsetzen.,Recruiting Funnel aufbauen,Recruiting Funnel aufbauen,Recruiting Funnel | Talenthirsch,Von Hook bis Einstellung klar aufgebaut.
/blog/warum-stellenportale-nicht-mehr-funktionieren/,Warum Stellenportale nicht mehr funktionieren | Talenthirsch,Warum Portale allein oft nicht mehr reichen und welche Gegenstrategie funktioniert.,Warum Stellenportale nicht mehr funktionieren,Warum Stellenportale nicht mehr funktionieren,Stellenportale und Alternativen | Talenthirsch,Moderne Recruiting-Mischung statt Kanalmonopol.
